"YEAR","USER","CFMU","RFKEPT","RFREL","PELKEPT","PELREL","YEKEPT","YEREL","NPKEPT","NPREL"
1992,"Charter","AFOGNAK",6,6,0,0,0,0,0,0
1992,"Charter","NG",0,0,0,0,0,0,0,0
1992,"Charter","NORTHEAST",36,36,0,0,0,0,0,0
1992,"Charter","PWSI",0,0,0,0,0,0,0,0
1992,"Charter","PWSO",0,0,0,0,0,0,0,0
1992,"Private","AFOGNAK",12,12,0,0,0,0,0,0
1992,"Private","NG",0,0,0,0,0,0,0,0
1992,"Private","NORTHEAST",151,151,0,0,0,0,0,0
1992,"Private","PWSI",0,0,0,0,0,0,0,0
1992,"Private","PWSO",0,0,0,0,0,0,0,0
1992,"Private","WESTSIDE",0,0,0,0,0,0,0,0
1993,"Charter","AFOGNAK",22,22,0,0,0,0,0,0
1993,"Charter","CI",41,41,0,0,0,0,0,0
1993,"Charter","NG",324,324,0,0,0,0,0,0
1993,"Charter","NORTHEAST",101,101,0,0,0,0,0,0
1993,"Charter","PWSI",273,273,0,0,0,0,0,0
1993,"Charter","PWSO",356,356,0,0,0,0,0,0
1993,"Private","AFOGNAK",21,21,0,0,0,0,0,0
1993,"Private","CI",11,11,0,0,0,0,0,0
1993,"Private","NG",575,575,0,0,0,0,0,0
1993,"Private","NORTHEAST",243,243,0,0,0,0,0,0
1993,"Private","PWSI",150,150,0,0,0,0,0,0
1993,"Private","PWSO",71,71,0,0,0,0,0,0
1994,"Charter","AFOGNAK",2,2,0,0,0,0,0,0
1994,"Charter","CI",7,7,0,0,0,0,0,0
1994,"Charter","NG",509,509,0,0,0,0,0,0
1994,"Charter","NORTHEAST",209,209,0,0,0,0,0,0
1994,"Charter","PWSI",447,447,0,0,0,0,0,0
1994,"Charter","PWSO",590,590,0,0,0,0,0,0
1994,"Charter","WESTSIDE",0,0,0,0,0,0,0,0
1994,"Private","AFOGNAK",0,0,0,0,0,0,0,0
1994,"Private","CI",1,1,0,0,0,0,0,0
1994,"Private","NG",383,383,0,0,0,0,0,0
1994,"Private","NORTHEAST",222,222,0,0,0,0,0,0
1994,"Private","PWSI",122,122,0,0,0,0,0,0
1994,"Private","PWSO",130,130,0,0,0,0,0,0
1995,"Charter","AFOGNAK",0,0,6,0,0,0,0,0
1995,"Charter","CI",0,0,26,5,0,0,0,0
1995,"Charter","NG",21,21,1142,229,0,0,159,1
1995,"Charter","NORTHEAST",5,5,131,0,0,0,0,0
1995,"Charter","PWSI",35,35,243,107,0,0,177,7
1995,"Charter","PWSO",10,10,303,169,0,0,124,1
1995,"Private","AFOGNAK",0,0,14,0,0,0,0,0
1995,"Private","CI",0,0,0,0,0,0,0,0
1995,"Private","NG",0,0,130,55,0,0,33,9
1995,"Private","NORTHEAST",9,9,141,1,0,0,1,0
1995,"Private","PWSI",12,12,1,13,0,0,52,2
1995,"Private","PWSO",0,0,44,0,0,0,22,0
1996,"Charter","AFOGNAK",0,0,0,8,0,0,0,0
1996,"Charter","CI",0,0,9,0,0,0,2,0
1996,"Charter","EASTSIDE",0,0,0,10,0,0,0,0
1996,"Charter","NG",0,0,390,42,0,0,55,4
1996,"Charter","NORTHEAST",0,0,181,446,0,0,3,0
1996,"Charter","PWSI",91,91,103,1,0,0,89,0
1996,"Charter","PWSO",0,0,71,1,0,0,59,0
1996,"Private","AFOGNAK",0,0,0,0,0,0,0,0
1996,"Private","CI",0,0,9,0,0,0,0,0
1996,"Private","EASTSIDE",0,0,0,0,0,0,0,0
1996,"Private","NG",2,2,152,52,0,0,34,1
1996,"Private","NORTHEAST",0,0,248,293,0,0,1,0
1996,"Private","PWSI",25,25,38,2,0,0,165,29
1996,"Private","PWSO",0,0,8,0,0,0,2,1
1997,"Charter","AFOGNAK",0,0,0,0,0,0,0,0
1997,"Charter","CI",0,0,11,24,0,0,1,0
1997,"Charter","EASTSIDE",0,0,6,10,0,0,0,3
1997,"Charter","NG",0,0,505,123,0,0,52,4
1997,"Charter","NORTHEAST",0,0,95,225,0,0,19,26
1997,"Charter","PWSI",0,0,71,104,0,0,94,29
1997,"Charter","PWSO",0,0,459,76,0,0,134,9
1997,"Charter","WESTSIDE",0,0,0,0,0,0,0,0
1997,"Private","AFOGNAK",0,0,0,0,0,0,0,2
1997,"Private","CI",0,0,13,46,0,0,0,0
1997,"Private","EASTSIDE",0,0,0,6,0,0,0,0
1997,"Private","NG",0,0,121,103,0,0,32,17
1997,"Private","NORTHEAST",0,0,156,214,0,0,34,40
1997,"Private","PWSI",0,0,19,6,0,0,147,16
1997,"Private","PWSO",0,0,38,33,0,0,8,3
1998,"Charter","AFOGNAK",0,0,6,6,0,0,0,0
1998,"Charter","CI",0,0,9,3,0,0,6,0
1998,"Charter","EASTSIDE",0,0,14,20,0,0,0,0
1998,"Charter","NG",1,1,933,296,0,0,125,49
1998,"Charter","NORTHEAST",0,0,364,684,0,0,25,0
1998,"Charter","PWSI",0,0,171,147,0,0,175,42
1998,"Charter","PWSO",0,0,553,223,0,0,153,9
1998,"Charter","WESTSIDE",0,0,0,0,0,0,0,0
1998,"Private","AFOGNAK",0,0,0,0,0,0,0,0
1998,"Private","CI",0,0,28,1,0,0,0,0
1998,"Private","NG",0,0,414,507,0,0,39,42
1998,"Private","NORTHEAST",0,0,162,406,0,0,0,4
1998,"Private","PWSI",0,0,36,24,0,0,114,72
1998,"Private","PWSO",0,0,51,101,0,0,9,12
1999,"Charter","AFOGNAK",0,0,0,0,0,0,0,0
1999,"Charter","CI",0,0,71,108,0,0,7,0
1999,"Charter","EASTSIDE",1,1,6,5,0,0,0,0
1999,"Charter","NG",0,0,1397,617,0,0,211,30
1999,"Charter","NORTHEAST",38,38,214,143,0,0,16,1
1999,"Charter","PWSI",0,0,410,313,0,0,531,50
1999,"Charter","PWSO",0,0,431,226,0,0,180,28
1999,"Private","AFOGNAK",0,0,0,0,0,0,0,1
1999,"Private","CI",0,0,75,38,0,0,4,0
1999,"Private","EASTSIDE",0,0,1,0,0,0,0,0
1999,"Private","NG",0,0,577,434,0,0,88,39
1999,"Private","NORTHEAST",49,49,169,106,0,0,6,12
1999,"Private","PWSI",0,0,59,45,0,0,204,38
1999,"Private","PWSO",0,0,13,11,0,0,20,9
1999,"Private","WESTSIDE",0,0,0,0,0,0,0,0
2000,"Charter","AFOGNAK",0,0,8,0,0,0,0,0
2000,"Charter","CI",0,0,90,39,0,0,15,3
2000,"Charter","EASTSIDE",0,0,73,56,0,0,0,0
2000,"Charter","NG",0,0,1476,745,0,0,341,37
2000,"Charter","NORTHEAST",3,3,272,324,0,0,7,2
2000,"Charter","PWSI",12,12,342,151,0,0,489,17
2000,"Charter","PWSO",0,0,1028,829,0,0,553,35
2000,"Private","AFOGNAK",0,0,26,6,0,0,1,0
2000,"Private","CI",0,0,15,0,0,0,1,0
2000,"Private","EASTSIDE",0,0,22,87,0,0,0,0
2000,"Private","NG",4,4,332,187,0,0,54,37
2000,"Private","NORTHEAST",5,5,227,377,0,0,0,1
2000,"Private","PWSI",10,10,76,18,0,0,347,119
2000,"Private","PWSO",0,0,7,12,0,0,12,0
2001,"Charter","AFOGNAK",0,0,0,0,0,0,0,0
2001,"Charter","CI",0,0,23,57,0,0,7,1
2001,"Charter","EASTSIDE",0,0,50,86,0,0,0,0
2001,"Charter","NG",0,0,1235,663,0,0,169,20
2001,"Charter","NORTHEAST",0,0,351,333,0,0,6,11
2001,"Charter","PWSI",0,0,565,111,0,0,629,86
2001,"Charter","PWSO",0,0,1194,486,0,0,567,27
2001,"Charter","WESTSIDE",0,0,0,0,0,0,0,0
2001,"Private","AFOGNAK",0,0,0,0,0,0,0,0
2001,"Private","CI",0,0,40,22,0,0,0,0
2001,"Private","EASTSIDE",0,0,11,6,0,0,0,0
2001,"Private","NG",0,0,1125,470,0,0,99,36
2001,"Private","NORTHEAST",0,0,238,448,0,0,1,30
2001,"Private","PWSI",0,0,191,116,0,0,629,178
2001,"Private","PWSO",0,0,56,27,0,0,28,2
2001,"Private","WESTSIDE",0,0,0,0,0,0,0,0
2002,"Charter","AFOGNAK",0,0,3,0,0,0,0,0
2002,"Charter","CI",0,0,112,105,0,0,4,5
2002,"Charter","EASTSIDE",0,0,57,1,0,0,0,0
2002,"Charter","NG",0,0,1600,423,0,0,298,31
2002,"Charter","NORTHEAST",0,0,456,572,0,0,13,54
2002,"Charter","PWSI",0,0,901,205,0,0,409,19
2002,"Charter","PWSO",0,0,716,242,0,0,393,30
2002,"Private","AFOGNAK",0,0,21,6,0,0,0,0
2002,"Private","CI",0,0,27,31,0,0,0,0
2002,"Private","NG",0,0,1455,579,0,0,63,28
2002,"Private","NORTHEAST",0,0,371,579,0,0,18,19
2002,"Private","PWSI",0,0,154,99,0,0,517,193
2002,"Private","PWSO",0,0,20,4,0,0,22,1
2002,"Private","WESTSIDE",0,0,0,0,0,0,0,0
2003,"Charter","AFOGNAK",0,0,82,0,0,0,16,0
2003,"Charter","CI",0,0,86,213,0,0,4,0
2003,"Charter","EASTSIDE",0,0,127,54,0,0,0,0
2003,"Charter","NG",0,0,1043,478,0,0,288,51
2003,"Charter","NORTHEAST",0,0,598,567,0,0,35,0
2003,"Charter","PWSI",0,0,733,197,0,0,591,99
2003,"Charter","PWSO",0,0,998,268,0,0,380,6
2003,"Private","AFOGNAK",0,0,1,30,0,0,6,0
2003,"Private","CI",0,0,13,44,0,0,0,0
2003,"Private","EASTSIDE",0,0,0,1,0,0,0,0
2003,"Private","NG",0,0,565,318,0,0,84,63
2003,"Private","NORTHEAST",0,0,289,895,0,0,1,18
2003,"Private","PWSI",0,0,268,248,0,0,935,555
2003,"Private","PWSO",0,0,77,154,0,0,23,11
2004,"Charter","AFOGNAK",0,0,0,100,0,0,2,51
2004,"Charter","CI",0,0,51,93,0,0,9,0
2004,"Charter","EASTSIDE",0,0,42,23,0,0,0,0
2004,"Charter","NG",0,0,2020,684,0,0,408,62
2004,"Charter","NORTHEAST",0,0,665,508,0,0,19,0
2004,"Charter","PWSI",0,0,1111,290,0,0,648,49
2004,"Charter","PWSO",0,0,1681,416,0,0,620,32
2004,"Private","AFOGNAK",0,0,4,0,0,0,0,0
2004,"Private","CI",0,0,38,50,0,0,3,0
2004,"Private","EASTSIDE",0,0,1,2,0,0,0,0
2004,"Private","NG",0,0,1085,792,0,0,214,94
2004,"Private","NORTHEAST",0,0,183,427,0,0,5,2
2004,"Private","PWSI",0,0,220,230,0,0,856,397
2004,"Private","PWSO",0,0,233,139,0,0,30,5
2005,"Charter","AFOGNAK",0,0,2,0,0,0,8,0
2005,"Charter","CI",0,0,106,212,0,0,3,3
2005,"Charter","EASTSIDE",0,0,77,21,0,0,0,0
2005,"Charter","NG",0,0,818,268,0,0,176,94
2005,"Charter","NORTHEAST",0,0,889,870,0,0,41,2
2005,"Charter","PWSI",0,0,342,57,0,0,303,29
2005,"Charter","PWSO",0,0,533,58,0,0,314,16
2005,"Private","AFOGNAK",0,0,0,11,0,0,0,0
2005,"Private","CI",0,0,44,98,0,0,0,2
2005,"Private","EASTSIDE",0,0,8,9,0,0,0,0
2005,"Private","NG",0,0,292,191,0,0,51,59
2005,"Private","NORTHEAST",0,0,313,567,0,0,2,0
2005,"Private","PWSI",0,0,238,257,0,0,808,443
2005,"Private","PWSO",0,0,56,41,0,0,48,28
2006,"Charter","AFOGNAK",0,0,0,0,0,0,1,0
2006,"Charter","CI",0,0,32,32,0,0,2,0
2006,"Charter","EASTSIDE",0,0,192,81,0,0,3,0
2006,"Charter","NG",0,0,1012,431,0,0,211,34
2006,"Charter","NORTHEAST",0,0,887,383,0,0,42,0
2006,"Charter","PWSI",0,0,326,65,0,0,301,17
2006,"Charter","PWSO",0,0,716,220,0,0,197,14
2006,"Charter","WESTSIDE",0,0,0,0,0,0,0,0
2006,"Private","CI",0,0,44,124,0,0,0,3
2006,"Private","EASTSIDE",0,0,0,0,0,0,0,0
2006,"Private","NG",0,0,473,286,0,0,92,89
2006,"Private","NORTHEAST",0,0,267,513,0,0,8,10
2006,"Private","PWSI",0,0,217,243,0,0,772,374
2006,"Private","PWSO",0,0,66,6,0,0,36,3
2007,"Charter","AFOGNAK",0,0,148,2,0,0,4,0
2007,"Charter","CI",0,0,52,15,0,0,4,2
2007,"Charter","EASTSIDE",0,0,140,41,0,0,0,0
2007,"Charter","NG",0,0,936,386,0,0,168,20
2007,"Charter","NORTHEAST",0,0,293,176,0,0,1,2
2007,"Charter","PWSI",0,0,391,94,0,0,154,25
2007,"Charter","PWSO",0,0,843,128,0,0,229,1
2007,"Charter","WESTSIDE",0,0,0,0,0,0,0,0
2007,"Private","CI",0,0,67,63,0,0,1,1
2007,"Private","EASTSIDE",0,0,0,0,0,0,0,0
2007,"Private","NG",0,0,385,199,0,0,55,34
2007,"Private","NORTHEAST",0,0,201,412,0,0,1,0
2007,"Private","PWSI",0,0,357,305,0,0,737,440
2007,"Private","PWSO",0,0,74,32,0,0,6,4
2008,"Charter","AFOGNAK",0,0,191,25,0,0,17,0
2008,"Charter","CI",0,0,119,43,0,0,2,0
2008,"Charter","EASTSIDE",0,0,218,11,0,0,2,0
2008,"Charter","NG",0,0,623,119,0,0,135,8
2008,"Charter","NORTHEAST",0,0,1428,399,0,0,66,7
2008,"Charter","PWSI",0,0,243,50,0,0,209,6
2008,"Charter","PWSO",0,0,685,39,0,0,267,21
2008,"Charter","WESTSIDE",0,0,0,0,0,0,0,0
2008,"Private","AFOGNAK",0,0,1,0,0,0,0,0
2008,"Private","CI",0,0,38,97,0,0,0,0
2008,"Private","NG",0,0,272,220,0,0,95,41
2008,"Private","NORTHEAST",0,0,202,389,0,0,6,1
2008,"Private","PWSI",0,0,382,435,0,0,782,534
2008,"Private","PWSO",0,0,72,23,0,0,17,1
2009,"Charter","AFOGNAK",0,0,273,71,0,0,7,0
2009,"Charter","CI",0,0,146,34,0,0,10,0
2009,"Charter","EASTSIDE",0,0,473,46,0,0,5,0
2009,"Charter","NG",0,0,1152,352,0,0,174,19
2009,"Charter","NORTHEAST",0,0,2048,490,0,0,51,10
2009,"Charter","PWSI",0,0,628,60,0,0,238,8
2009,"Charter","PWSO",0,0,1230,259,0,0,458,37
2009,"Charter","WESTSIDE",0,0,6,0,0,0,4,0
2009,"Private","AFOGNAK",0,0,9,0,0,0,0,0
2009,"Private","CI",0,0,76,100,0,0,0,3
2009,"Private","EASTSIDE",0,0,0,0,0,0,0,0
2009,"Private","NG",0,0,873,539,0,0,191,164
2009,"Private","NORTHEAST",0,0,325,587,0,0,10,6
2009,"Private","PWSI",0,0,625,395,0,0,1111,352
2009,"Private","PWSO",0,0,210,48,0,0,44,14
2010,"Charter","AFOGNAK",0,0,334,40,0,0,9,2
2010,"Charter","CI",0,0,174,8,0,0,8,0
2010,"Charter","EASTSIDE",0,0,224,56,0,0,2,0
2010,"Charter","NG",0,0,941,170,0,0,280,30
2010,"Charter","NORTHEAST",0,0,1489,232,0,0,44,0
2010,"Charter","PWSI",0,0,923,105,0,0,424,20
2010,"Charter","PWSO",0,0,1153,188,0,0,690,48
2010,"Charter","WESTSIDE",0,0,29,0,0,0,3,0
2010,"Private","AFOGNAK",0,0,23,48,0,0,9,1
2010,"Private","CI",0,0,103,45,0,0,7,3
2010,"Private","EASTSIDE",0,0,2,12,0,0,0,0
2010,"Private","NG",0,0,680,390,0,0,210,128
2010,"Private","NORTHEAST",0,0,418,808,0,0,4,48
2010,"Private","PWSI",0,0,667,240,0,0,1020,382
2010,"Private","PWSO",0,0,213,159,0,0,94,11
2010,"Private","WESTSIDE",0,0,0,1,0,0,0,0
2011,"Charter","AFOGNAK",0,0,164,36,8,2,1,0
2011,"Charter","CI",0,0,39,15,1,0,10,0
2011,"Charter","EASTSIDE",0,0,203,17,4,0,0,0
2011,"Charter","NG",0,0,1555,203,208,4,81,15
2011,"Charter","NORTHEAST",0,0,1001,214,21,0,0,3
2011,"Charter","PWSI",0,0,508,25,141,0,165,7
2011,"Charter","PWSO",0,0,1451,127,577,8,151,10
2011,"Charter","WESTSIDE",0,0,0,0,0,0,0,0
2011,"Private","AFOGNAK",0,0,4,25,0,0,0,0
2011,"Private","CI",0,0,28,34,0,0,0,0
2011,"Private","EASTSIDE",0,0,29,80,4,0,0,0
2011,"Private","NG",0,0,677,674,76,12,84,42
2011,"Private","NORTHEAST",0,0,419,463,8,1,2,15
2011,"Private","PWSI",0,0,390,141,466,40,382,154
2011,"Private","PWSO",0,0,303,92,56,4,32,3
2012,"Charter","AFOGNAK",0,0,217,118,5,0,6,0
2012,"Charter","CI",0,0,114,2,10,5,2,0
2012,"Charter","EASTSIDE",0,0,704,30,5,0,0,0
2012,"Charter","NG",0,0,1021,134,102,2,56,28
2012,"Charter","NORTHEAST",0,0,1634,312,43,0,7,0
2012,"Charter","PWSI",0,0,926,89,187,4,292,14
2012,"Charter","PWSO",0,0,1065,107,450,15,158,11
2012,"Charter","WESTSIDE",0,0,24,4,4,0,1,0
2012,"Private","AFOGNAK",0,0,15,7,0,0,0,0
2012,"Private","CI",0,0,53,9,0,0,0,0
2012,"Private","EASTSIDE",0,0,88,62,0,0,0,0
2012,"Private","NG",0,0,598,251,112,21,84,67
2012,"Private","NORTHEAST",0,0,908,708,11,0,1,1
2012,"Private","PWSI",0,0,610,333,649,77,514,321
2012,"Private","PWSO",0,0,355,85,80,1,27,14
2012,"Private","WESTSIDE",0,0,0,0,0,0,0,0
2013,"Charter","AFOGNAK",0,0,60,0,9,0,6,0
2013,"Charter","CI",0,0,251,45,10,0,4,1
2013,"Charter","EASTSIDE",0,0,2,0,0,0,0,0
2013,"Charter","NG",0,0,1908,220,189,10,107,33
2013,"Charter","NORTHEAST",0,0,783,57,26,0,2,1
2013,"Charter","PWSI",0,0,1544,165,219,1,288,8
2013,"Charter","PWSO",0,0,1779,145,511,37,235,64
2013,"Private","AFOGNAK",0,0,20,50,0,0,0,0
2013,"Private","CI",0,0,113,17,0,0,0,0
2013,"Private","EASTSIDE",0,0,24,3,1,0,0,0
2013,"Private","NG",0,0,1027,912,113,19,96,90
2013,"Private","NORTHEAST",0,0,453,426,8,1,5,12
2013,"Private","PWSI",0,0,663,598,631,57,602,428
2013,"Private","PWSO",0,0,323,236,92,10,16,15
2014,"Charter","AFOGNAK",0,0,48,0,2,0,2,0
2014,"Charter","CI",0,0,103,75,9,0,5,76
2014,"Charter","EASTSIDE",0,0,154,0,1,0,0,0
2014,"Charter","NG",0,0,1522,114,130,6,132,62
2014,"Charter","NORTHEAST",0,0,956,46,25,0,6,0
2014,"Charter","PWSI",0,0,1132,85,233,10,256,10
2014,"Charter","PWSO",0,0,2078,93,558,37,190,7
2014,"Private","AFOGNAK",0,0,22,3,0,0,0,0
2014,"Private","CI",0,0,93,90,1,0,4,0
2014,"Private","EASTSIDE",0,0,8,30,0,0,0,0
2014,"Private","NG",0,0,1087,416,139,21,82,51
2014,"Private","NORTHEAST",0,0,358,230,18,1,4,2
2014,"Private","PWSI",0,0,530,370,539,70,424,479
2014,"Private","PWSO",0,0,375,161,114,8,40,22
2015,"Charter","AFOGNAK",0,0,209,10,21,0,2,0
2015,"Charter","CI",0,0,126,0,8,0,0,0
2015,"Charter","EASTSIDE",0,0,443,17,3,0,0,0
2015,"Charter","NG",0,0,1773,148,142,7,82,9
2015,"Charter","NORTHEAST",0,0,3709,242,107,0,23,5
2015,"Charter","PWSI",0,0,900,46,115,4,283,9
2015,"Charter","PWSO",0,0,2002,83,669,90,184,27
2015,"Charter","WESTSIDE",0,0,90,4,0,0,0,0
2015,"Private","AFOGNAK",0,0,43,45,3,0,0,1
2015,"Private","CI",0,0,61,0,0,0,6,1
2015,"Private","EASTSIDE",0,0,26,12,0,0,0,0
2015,"Private","NG",0,0,952,643,121,20,43,71
2015,"Private","NORTHEAST",0,0,1162,612,21,2,14,10
2015,"Private","PWSI",0,0,785,441,547,59,494,241
2015,"Private","PWSO",0,0,445,183,93,13,18,14
2016,"Charter","AFOGNAK",0,0,65,12,10,0,5,0
2016,"Charter","CI",0,0,374,11,1,0,9,5
2016,"Charter","EASTSIDE",0,0,479,13,14,0,3,0
2016,"Charter","NG",0,0,3722,411,271,25,248,72
2016,"Charter","NORTHEAST",0,0,2157,67,47,1,12,1
2016,"Charter","PWSI",0,0,2131,63,236,7,319,13
2016,"Charter","PWSO",0,0,2200,77,454,3,213,6
2016,"Private","AFOGNAK",0,0,1,60,3,0,1,0
2016,"Private","CI",0,0,117,199,0,0,6,14
2016,"Private","EASTSIDE",0,0,57,18,4,0,0,0
2016,"Private","NG",0,0,1223,639,147,16,117,131
2016,"Private","NORTHEAST",0,0,1480,1160,32,3,10,5
2016,"Private","PWSI",0,0,258,177,147,20,117,66
2016,"Private","PWSO",0,0,367,98,63,9,30,21
2017,"Charter","AFOGNAK",0,0,20,0,0,0,0,0
2017,"Charter","CI",0,0,298,12,12,2,10,3
2017,"Charter","EASTSIDE",0,0,586,12,4,0,0,0
2017,"Charter","NG",0,0,1392,120,147,5,122,21
2017,"Charter","NORTHEAST",0,0,1022,88,30,0,8,3
2017,"Charter","PWSI",0,0,956,16,152,0,231,6
2017,"Charter","PWSO",0,0,2163,41,556,17,303,12
2017,"Private","AFOGNAK",0,0,0,0,0,0,0,0
2017,"Private","CI",0,0,111,95,0,0,2,1
2017,"Private","EASTSIDE",0,0,25,4,0,0,0,0
2017,"Private","NG",0,0,353,361,69,18,51,63
2017,"Private","NORTHEAST",0,0,647,402,22,3,8,10
2017,"Private","PWSI",0,0,302,166,268,62,170,146
2017,"Private","PWSO",0,0,186,107,27,2,16,8
2018,"Charter","AFOGNAK",0,0,206,9,6,0,5,0
2018,"Charter","CI",0,0,476,14,19,0,6,2
2018,"Charter","EASTSIDE",0,0,515,2,17,0,1,0
2018,"Charter","NG",0,0,1409,150,197,22,169,19
2018,"Charter","NORTHEAST",0,0,1889,88,39,1,9,0
2018,"Charter","PWSI",0,0,401,49,101,1,113,27
2018,"Charter","PWSO",0,0,1674,39,288,54,87,5
2018,"Private","AFOGNAK",0,0,32,16,4,0,0,0
2018,"Private","CI",0,0,99,71,2,1,2,0
2018,"Private","EASTSIDE",0,0,60,43,0,0,0,0
2018,"Private","NG",0,0,621,514,75,24,58,73
2018,"Private","NORTHEAST",0,0,756,691,17,2,9,5
2018,"Private","PWSI",0,0,266,65,257,80,131,132
2018,"Private","PWSO",0,0,191,69,31,4,13,6
2018,"Private","WESTSIDE",0,0,0,0,0,0,0,0
2019,"Charter","AFOGNAK",0,0,59,8,3,0,6,0
2019,"Charter","CI",0,0,358,64,0,1,9,2
2019,"Charter","EASTSIDE",0,0,297,2,2,0,0,0
2019,"Charter","NG",0,0,2439,121,265,19,148,20
2019,"Charter","NORTHEAST",0,0,933,185,20,0,3,1
2019,"Charter","PWSI",0,0,550,26,129,7,173,17
2019,"Charter","PWSO",0,0,2310,76,473,110,169,19
2019,"Private","AFOGNAK",0,0,121,68,16,0,0,1
2019,"Private","CI",0,0,234,189,5,2,2,0
2019,"Private","EASTSIDE",0,0,24,6,0,0,0,0
2019,"Private","NG",0,0,811,548,143,65,74,93
2019,"Private","NORTHEAST",0,0,703,969,20,4,1,2
2019,"Private","PWSI",0,0,571,448,478,198,314,425
2019,"Private","PWSO",0,0,372,127,112,53,32,59
2020,"Charter","AFOGNAK",0,0,110,3,3,0,7,0
2020,"Charter","CI",0,0,494,11,16,0,20,0
2020,"Charter","NG",0,0,1851,92,169,40,136,17
2020,"Charter","NORTHEAST",0,0,76,7,7,0,1,0
2020,"Charter","PWSI",0,0,801,12,142,8,179,73
2020,"Charter","PWSO",0,0,2860,73,319,30,173,13
2020,"Private","AFOGNAK",0,0,8,0,20,4,1,0
2020,"Private","CI",0,0,209,95,0,1,0,5
2020,"Private","NG",0,0,716,456,136,43,66,71
2020,"Private","NORTHEAST",0,0,234,265,9,1,4,6
2020,"Private","PWSI",0,0,361,314,343,211,255,344
2020,"Private","PWSO",0,0,432,83,57,12,31,26
2021,"Charter","AFOGNAK",0,0,220,1,26,5,12,7
2021,"Charter","CI",0,0,415,34,5,0,23,3
2021,"Charter","EASTSIDE",0,0,117,4,0,0,0,0
2021,"Charter","NG",0,0,3009,94,204,17,191,59
2021,"Charter","NORTHEAST",0,0,1466,255,49,1,23,0
2021,"Charter","PWSI",0,0,956,8,108,4,181,43
2021,"Charter","PWSO",0,0,2225,23,291,65,133,22
2021,"Private","CI",0,0,105,37,1,0,2,0
2021,"Private","EASTSIDE",0,0,3,0,0,0,3,0
2021,"Private","NG",0,0,780,356,90,24,39,69
2021,"Private","NORTHEAST",0,0,704,529,14,12,8,0
2021,"Private","PWSI",0,0,577,475,266,144,235,440
2021,"Private","PWSO",0,0,237,41,50,11,22,16
2022,"Charter","AFOGNAK",0,0,20,0,11,0,0,1
2022,"Charter","CI",0,0,299,7,1,0,13,4
2022,"Charter","EASTSIDE",0,0,15,0,0,0,0,0
2022,"Charter","MAINLAND",0,0,8,0,0,0,1,0
2022,"Charter","NG",0,0,3388,44,161,24,168,24
2022,"Charter","NORTHEAST",0,0,207,13,5,0,1,0
2022,"Charter","PWSI",0,0,1702,41,84,4,198,33
2022,"Charter","PWSO",0,0,2453,38,269,15,179,20
2022,"Private","AFOGNAK",0,0,0,4,0,0,0,1
2022,"Private","CI",0,0,112,40,2,0,3,1
2022,"Private","EASTSIDE",0,0,1,30,0,0,0,0
2022,"Private","NG",0,0,484,182,55,4,51,12
2022,"Private","NORTHEAST",0,0,161,310,1,0,6,2
2022,"Private","PWSI",0,0,698,508,444,209,317,585
2022,"Private","PWSO",0,0,319,117,37,29,11,29
2023,"Charter","AFOGNAK",0,0,219,17,18,1,4,1
2023,"Charter","CI",0,0,204,10,5,0,12,2
2023,"Charter","EASTSIDE",0,0,123,8,0,0,0,0
2023,"Charter","NG",0,0,2926,46,184,17,231,20
2023,"Charter","NORTHEAST",0,0,832,67,13,0,12,6
2023,"Charter","PWSI",0,0,1153,26,55,17,234,25
2023,"Charter","PWSO",0,0,1984,49,193,173,153,12
2023,"Private","AFOGNAK",0,0,0,0,0,0,1,0
2023,"Private","CI",0,0,56,3,4,1,2,0
2023,"Private","EASTSIDE",0,0,0,4,0,0,0,0
2023,"Private","NG",0,0,679,234,76,24,32,52
2023,"Private","NORTHEAST",0,0,412,435,12,4,11,20
2023,"Private","PWSI",0,0,466,143,166,135,253,269
2023,"Private","PWSO",0,0,336,117,38,23,26,8
2024,"Charter","AFOGNAK",0,0,88,100,12,0,15,0
2024,"Charter","CI",0,0,288,18,4,0,19,8
2024,"Charter","EASTSIDE",0,0,20,0,1,0,0,0
2024,"Charter","NG",0,0,2594,178,269,18,233,34
2024,"Charter","NORTHEAST",0,0,270,113,13,0,12,0
2024,"Charter","PWSI",0,0,1187,59,67,35,249,81
2024,"Charter","PWSO",0,0,1942,63,89,82,193,15
2024,"Private","AFOGNAK",0,0,0,37,2,0,0,0
2024,"Private","CI",0,0,50,25,2,8,3,16
2024,"Private","NG",0,0,547,349,110,63,59,89
2024,"Private","NORTHEAST",0,0,348,537,25,24,11,6
2024,"Private","PWSI",0,0,503,220,134,248,280,261
2024,"Private","PWSO",0,0,89,75,9,17,13,13
2025,"Charter","AFOGNAK",0,0,113,8,12,2,14,0
2025,"Charter","CI",0,0,110,18,2,5,8,3
2025,"Charter","EASTSIDE",0,0,61,15,2,0,3,0
2025,"Charter","NG",0,0,2356,196,322,87,240,56
2025,"Charter","NORTHEAST",0,0,284,22,16,0,13,0
2025,"Charter","PWSI",0,0,1009,33,47,33,231,28
2025,"Charter","PWSO",0,0,1953,100,283,112,184,23
2025,"Charter","SOUTHEAST",0,0,0,0,0,0,0,0
2025,"Private","AFOGNAK",0,0,59,58,4,0,5,1
2025,"Private","CI",0,0,109,63,0,0,14,8
2025,"Private","NG",0,0,696,232,113,81,56,92
2025,"Private","NORTHEAST",0,0,337,347,15,3,21,24
2025,"Private","PWSI",0,0,250,119,139,155,179,219
2025,"Private","PWSO",0,0,185,13,30,35,2,6
2025,"Private","WESTSIDE",0,0,0,90,0,0,0,0
